CONNECT AD_N5/123;

-- insert phong ban

INSERT INTO PHONGBAN VALUES ('PB001', 'Phong Ban 1',NULL);
INSERT INTO PHONGBAN VALUES ('PB002', 'Phong Ban 2', NULL);
INSERT INTO PHONGBAN VALUES ('PB003', 'Phong Ban 3', NULL);


--import data
-- GIAMDOC
INSERT INTO NHANVIEN VALUES ('NV001','Nguyen Van A','Nam',TO_DATE('1988-01-02', 'YYYY-MM-DD'),'1, Nam Quoc Cang','0987456454','8000','500','Giam Doc','NV001','PB001');
INSERT INTO NHANVIEN VALUES ('NV002','Nguyen Thi B','Nu',TO_DATE('1999-09-07', 'YYYY-MM-DD'),'23, Nguyen Van Cu','098849285','8000','500','Giam Doc','NV001','PB001');
INSERT INTO NHANVIEN VALUES ('NV003','Nguyen Van C','Nam',TO_DATE('1998-12-11', 'YYYY-MM-DD'),'78, Hung Vuong','0987829938','8000','500','Giam Doc','NV001','PB001');
INSERT INTO NHANVIEN VALUES ('NV004','Nguyen Thi D','Nu',TO_DATE('1988-08-12', 'YYYY-MM-DD'),'999, Nguyen Van Cu','0988224287','8000','500','Giam Doc','NV001','PB001');
INSERT INTO NHANVIEN VALUES ('NV005','Nguyen Van E','Nam',TO_DATE('1988-12-05', 'YYYY-MM-DD'),'22, Ho Huu Chinh','0974567873','8000','500','Giam Doc','NV001','PB001');

--TRUONG DEAN
INSERT INTO NHANVIEN VALUES ('NV006','Nguyen Thi C','Nu',TO_DATE('1977-04-02', 'YYYY-MM-DD'),'4, Nguyen Van Cu','098787553','7000','400','Truong De An','NV006','PB002');
INSERT INTO NHANVIEN VALUES ('NV007','Nguyen Van D','Nam',TO_DATE('1996-03-02', 'YYYY-MM-DD'),'6, Nguyen Van Cu','097456225','7000','400','Truong De An','NV006','PB002');
INSERT INTO NHANVIEN VALUES ('NV008','Nguyen Thi E','Nu',TO_DATE('1998-08-02', 'YYYY-MM-DD'),'8, Nguyen Van Cu','0987592826','7000','400','Truong De An','NV006','PB002');

--NHANSU
INSERT INTO NHANVIEN VALUES ('NV009','Nguyen Van F','Nam',TO_DATE('1978-09-07', 'YYYY-MM-DD'),'9, Nguy?n C? Trinh','0987819273','6000','400','Nhan Su','NV009','PB003');
INSERT INTO NHANVIEN VALUES ('NV010','Nguyen Thi G','Nam',TO_DATE('1999-12-22', 'YYYY-MM-DD'),'17, H?ng Bàng','0989264737','6000','400','Nhan Su','NV009','PB003');
INSERT INTO NHANVIEN VALUES ('NV011','Nguyen Thi K','Nu',TO_DATE('1988-10-28', 'YYYY-MM-DD'),'8652, Nguy?n C? Trinh','0989176258','6000','400','Nhan Su','NV009','PB003');
INSERT INTO NHANVIEN VALUES ('NV012','Nguyen Thi I','Nu',TO_DATE('1988-09-16', 'YYYY-MM-DD'),'9875, Nguy?n C? Trinh','0989876243','6000','400','Nhan Su','NV009','PB003');

UPDATE PHONGBAN SET TRPHG = 'NV001' WHERE MAPB = 'PB001';
UPDATE PHONGBAN SET TRPHG = 'NV006' WHERE MAPB = 'PB002';
UPDATE PHONGBAN SET TRPHG = 'NV009' WHERE MAPB = 'PB003';

--Quan Ly TT
INSERT INTO NHANVIEN VALUES ('NV013','Nguyen Thi Le','Nu',TO_DATE('1972-04-02', 'YYYY-MM-DD'),'234, Nguyen Van Cu','032323753','8003','1550','QL Truc Tiep',NULL,'PB001');
INSERT INTO NHANVIEN VALUES ('NV014','Nguyen Van An','Nam',TO_DATE('2006-11-02', 'YYYY-MM-DD'),'633, No wae','0974999212','8002','1350','QL Truc Tiep',NULL,'PB002');
INSERT INTO NHANVIEN VALUES ('NV015','Nguyen Anhna','Nu',TO_DATE('1968-07-04', 'YYYY-MM-DD'),'844, An Giang','0111192826','8000','2050','QL Truc Tiep',NULL,'PB003');

--Nhan Vien 
INSERT INTO NHANVIEN VALUES ('NV016','Ng Van Bo','Nu',TO_DATE('2001-03-05', 'YYYY-MM-DD'),'8, Nguyen Trai','0233342826','11000','550','Nhan Vien','NV013','PB001');
INSERT INTO NHANVIEN VALUES ('NV017','Le GV','Nu',TO_DATE('1992-12-02', 'YYYY-MM-DD'),'810/B, LongA','0987594446','9000','530','Nhan Vien','NV013','PB001');
INSERT INTO NHANVIEN VALUES ('NV018','Le A','Nam',TO_DATE('1992-3-03', 'YYYY-MM-DD'),'1, Nguyen Binh','0117594446','9000','650','Nhan Vien','NV014','PB002');
INSERT INTO NHANVIEN VALUES ('NV019','Tran Do','Nam',TO_DATE('2000-3-31', 'YYYY-MM-DD'),'13, Nguyen Trai','0117594443','8000','550','Nhan Vien','NV014','PB002');
INSERT INTO NHANVIEN VALUES ('NV020','Tra Ngoc','Nu',TO_DATE('1990-1-01', 'YYYY-MM-DD'),'1, Chau Doc','0117304446','9030','520','Nhan Vien','NV015','PB003');
INSERT INTO NHANVIEN VALUES ('NV021','Le QUynh','Nam',TO_DATE('2000-4-30', 'YYYY-MM-DD'),'13, Ha Giang','0117594243','8000','830','Nhan Vien','NV015','PB003');


--Truong Phong
INSERT INTO NHANVIEN VALUES ('NV022','Le Thi A','Nu',TO_DATE('1998-01-05', 'YYYY-MM-DD'),'123 Nguyen Trai','0233344455','12000','550','Truong Phong','NV022','PB001');
INSERT INTO NHANVIEN VALUES ('NV023','Do Thi B','Nam',TO_DATE('1996-02-08', 'YYYY-MM-DD'),'49 To hieu','0266644455','15000','600','Truong Phong','NV022','PB002');
INSERT INTO NHANVIEN VALUES ('NV024','Duong Thi C','Nu',TO_DATE('1995-8-14', 'YYYY-MM-DD'),'12 Ton Dan','0288844477','20000','720','Truong Phong','NV022','PB003');

--DeAn
INSERT INTO DEAN  VALUES ('DA002','De an 2',TO_DATE('2020-02-08', 'YYYY-MM-DD'),'PB001');
INSERT INTO DEAN  VALUES ('DA001','De an 1',TO_DATE('2023-05-01', 'YYYY-MM-DD'),'PB002');
INSERT INTO DEAN  VALUES ('DA003','De an 3',TO_DATE('2022-01-02', 'YYYY-MM-DD'),'PB003');
INSERT INTO DEAN  VALUES ('DA004','De an 4',TO_DATE('2021-07-05', 'YYYY-MM-DD'),'PB001');

--PhanCong
INSERT INTO PHANCONG VALUES ('NV006', 'DA001', TO_DATE('2019-01-02', 'YYYY-MM-DD'));
INSERT INTO PHANCONG VALUES ('NV016', 'DA003', TO_DATE('2019-01-02', 'YYYY-MM-DD'));
INSERT INTO PHANCONG VALUES ('NV017', 'DA001', TO_DATE('2019-01-02', 'YYYY-MM-DD'));
INSERT INTO PHANCONG VALUES ('NV018', 'DA002', TO_DATE('2019-01-02', 'YYYY-MM-DD'));
INSERT INTO PHANCONG VALUES ('NV019', 'DA004', TO_DATE('2019-01-02', 'YYYY-MM-DD'));


--TAICHINH
INSERT INTO NHANVIEN VALUES ('NV025','Dinh Thi A','Nu',TO_DATE('1972-04-02', 'YYYY-MM-DD'),'234, Nguyen Van Cu','032323753','8003','1550','Tai Chinh',NULL,'PB003');
INSERT INTO NHANVIEN VALUES ('NV026','Dinh Van B','Nam',TO_DATE('1972-04-02', 'YYYY-MM-DD'),'234, Nguyen Van Cu','032323753','8003','1550','Tai Chinh',NULL,'PB003');
INSERT INTO NHANVIEN VALUES ('NV027','Dinh Thi C','Nu',TO_DATE('1972-04-02', 'YYYY-MM-DD'),'234, Nguyen Van Cu','032323753','8003','1550','Tai Chinh',NULL,'PB003');
INSERT INTO NHANVIEN VALUES ('NV028','Dinh Van D','Nam',TO_DATE('1972-04-02', 'YYYY-MM-DD'),'234, Nguyen Van Cu','032323753','8003','1550','Tai Chinh',NULL,'PB003');
INSERT INTO NHANVIEN VALUES ('NV029','Dinh Thi E','Nu',TO_DATE('1972-04-02', 'YYYY-MM-DD'),'234, Nguyen Van Cu','032323753','8003','1550','Tai Chinh',NULL,'PB003');